arm,perm_seed,excess_bps,best_k,moved_share,horizon,universe
price,,21.526496,10,,21,etf_wide
price,2,11.180535,10,0.9693,21,etf_wide
price,3,-7.573544,10,0.9690,21,etf_wide
price,4,-2.566657,10,0.9695,21,etf_wide
price,1,-6.903012,3,0.9700,21,etf_wide
price,6,13.390440,3,0.9694,21,etf_wide
price,5,-8.786041,10,0.9700,21,etf_wide
price,7,8.596491,10,0.9690,21,etf_wide
price,8,11.425230,10,0.9695,21,etf_wide
price,10,25.826856,5,0.9696,21,etf_wide
price,9,31.423657,3,0.9694,21,etf_wide
price,12,7.619716,10,0.9693,21,etf_wide
price,11,-0.309198,10,0.9699,21,etf_wide
price,13,-3.671365,10,0.9697,21,etf_wide
price,14,-5.271317,3,0.9699,21,etf_wide
price,15,8.614922,10,0.9700,21,etf_wide
price,16,3.722488,5,0.9700,21,etf_wide
price,17,21.490837,5,0.9695,21,etf_wide
price,19,13.404020,10,0.9697,21,etf_wide
price,18,31.915135,3,0.9692,21,etf_wide
price,20,24.130534,3,0.9697,21,etf_wide
price,21,2.941258,10,0.9694,21,etf_wide
price,22,5.113608,3,0.9699,21,etf_wide
price,23,12.032252,10,0.9698,21,etf_wide
price,24,1.041313,5,0.9695,21,etf_wide
price,25,0.648518,5,0.9703,21,etf_wide
price,26,15.378820,3,0.9696,21,etf_wide
price,27,1.505488,3,0.9695,21,etf_wide
price,28,33.309950,3,0.9693,21,etf_wide
price,29,8.903662,10,0.9694,21,etf_wide
price,30,18.093269,5,0.9703,21,etf_wide
price,31,10.138361,10,0.9697,21,etf_wide
price,32,19.000742,3,0.9693,21,etf_wide
price,33,3.108843,5,0.9685,21,etf_wide
price,34,-2.049995,10,0.9693,21,etf_wide
price,35,15.425109,5,0.9696,21,etf_wide
price,36,29.894701,5,0.9690,21,etf_wide
price,37,12.471359,3,0.9697,21,etf_wide
price,38,9.838000,5,0.9697,21,etf_wide
price,39,-0.893440,5,0.9700,21,etf_wide
price,40,2.408849,5,0.9695,21,etf_wide
price,41,-2.656240,10,0.9700,21,etf_wide
price,42,25.886134,3,0.9695,21,etf_wide
price,43,-4.110113,10,0.9694,21,etf_wide
price,44,10.357596,10,0.9697,21,etf_wide
price,46,7.204339,10,0.9694,21,etf_wide
price,45,-0.849370,3,0.9692,21,etf_wide
price,47,3.697317,10,0.9701,21,etf_wide
price,48,1.435781,10,0.9701,21,etf_wide
price,49,10.573182,5,0.9703,21,etf_wide
price,50,13.174517,10,0.9696,21,etf_wide
price,51,15.391226,10,0.9693,21,etf_wide
price,52,14.317439,10,0.9697,21,etf_wide
price,53,8.834546,3,0.9693,21,etf_wide
price,54,11.985399,3,0.9703,21,etf_wide
price,55,13.974982,10,0.9705,21,etf_wide
price,56,9.093502,5,0.9700,21,etf_wide
price,58,-7.242189,5,0.9704,21,etf_wide
price,57,11.962542,10,0.9697,21,etf_wide
price,59,29.366675,5,0.9699,21,etf_wide
price,60,12.071189,10,0.9699,21,etf_wide
price,61,11.711799,10,0.9691,21,etf_wide
price,62,10.332794,10,0.9700,21,etf_wide
price,63,11.201405,10,0.9697,21,etf_wide
price,64,9.773063,5,0.9686,21,etf_wide
price,65,24.512427,5,0.9693,21,etf_wide
price,66,8.136696,3,0.9697,21,etf_wide
price,67,5.835009,10,0.9698,21,etf_wide
price,68,18.832813,5,0.9695,21,etf_wide
price,69,23.751254,10,0.9693,21,etf_wide
price,70,7.952515,5,0.9695,21,etf_wide
price,71,-2.005537,10,0.9702,21,etf_wide
price,72,9.087926,10,0.9695,21,etf_wide
price,74,5.466373,10,0.9693,21,etf_wide
price,73,16.628943,5,0.9697,21,etf_wide
price,75,8.029495,10,0.9686,21,etf_wide
price,76,26.859310,3,0.9692,21,etf_wide
price,78,34.673386,3,0.9698,21,etf_wide
price,77,5.142771,10,0.9694,21,etf_wide
price,79,9.117219,3,0.9702,21,etf_wide
price,80,-0.299248,10,0.9696,21,etf_wide
price,82,-0.974736,5,0.9698,21,etf_wide
price,81,-9.292272,10,0.9692,21,etf_wide
price,83,19.032496,10,0.9695,21,etf_wide
price,84,-2.025583,10,0.9696,21,etf_wide
price,85,5.418360,10,0.9697,21,etf_wide
price,86,25.103498,10,0.9698,21,etf_wide
price,87,3.046519,10,0.9698,21,etf_wide
price,88,0.550322,3,0.9699,21,etf_wide
price,89,15.821158,5,0.9695,21,etf_wide
price,90,10.008647,5,0.9690,21,etf_wide
price,91,6.433313,5,0.9692,21,etf_wide
price,92,-26.172104,5,0.9699,21,etf_wide
price,93,38.542356,3,0.9703,21,etf_wide
price,94,-1.694838,10,0.9696,21,etf_wide
price,95,35.892172,3,0.9697,21,etf_wide
price,96,28.741778,3,0.9692,21,etf_wide
price,97,19.839118,3,0.9694,21,etf_wide
price,98,14.492601,5,0.9695,21,etf_wide
price,99,4.107151,10,0.9690,21,etf_wide
price,100,36.137513,3,0.9692,21,etf_wide
volume,,21.801944,5,,21,etf_wide
volume,1,-5.741368,10,0.9700,21,etf_wide
volume,2,26.028259,5,0.9693,21,etf_wide
volume,4,7.682864,10,0.9695,21,etf_wide
volume,3,15.743817,5,0.9690,21,etf_wide
volume,5,12.822923,3,0.9700,21,etf_wide
volume,7,10.509970,10,0.9690,21,etf_wide
volume,6,3.572325,5,0.9694,21,etf_wide
volume,8,11.293931,10,0.9695,21,etf_wide
volume,10,13.827119,5,0.9696,21,etf_wide
volume,9,14.675207,5,0.9694,21,etf_wide
volume,11,12.315524,5,0.9699,21,etf_wide
volume,12,2.395216,10,0.9693,21,etf_wide
volume,13,11.723304,5,0.9697,21,etf_wide
volume,15,18.308258,5,0.9700,21,etf_wide
volume,14,9.817235,5,0.9699,21,etf_wide
volume,16,10.106983,10,0.9700,21,etf_wide
volume,17,16.527963,3,0.9695,21,etf_wide
volume,18,4.556652,5,0.9692,21,etf_wide
volume,19,24.330124,3,0.9697,21,etf_wide
volume,20,22.602853,5,0.9697,21,etf_wide
volume,21,7.127541,10,0.9694,21,etf_wide
volume,23,11.225573,10,0.9698,21,etf_wide
volume,22,9.856564,5,0.9699,21,etf_wide
volume,24,-3.108819,3,0.9695,21,etf_wide
volume,25,7.550526,10,0.9703,21,etf_wide
volume,26,13.039223,10,0.9696,21,etf_wide
volume,27,17.590826,5,0.9695,21,etf_wide
volume,28,8.184813,3,0.9693,21,etf_wide
volume,29,12.564748,10,0.9694,21,etf_wide
volume,32,8.286677,10,0.9693,21,etf_wide
volume,30,18.966080,3,0.9703,21,etf_wide
volume,31,23.537772,5,0.9697,21,etf_wide
volume,33,3.493374,3,0.9685,21,etf_wide
volume,35,31.252170,5,0.9696,21,etf_wide
volume,34,22.946516,3,0.9693,21,etf_wide
volume,36,10.715413,10,0.9690,21,etf_wide
volume,37,19.508753,3,0.9697,21,etf_wide
volume,39,14.635777,10,0.9700,21,etf_wide
volume,38,4.908081,10,0.9697,21,etf_wide
volume,40,16.654597,3,0.9695,21,etf_wide
volume,42,15.789692,3,0.9695,21,etf_wide
volume,44,20.871065,5,0.9697,21,etf_wide
volume,41,6.565726,3,0.9700,21,etf_wide
volume,43,-22.643474,3,0.9694,21,etf_wide
volume,46,19.492735,5,0.9694,21,etf_wide
volume,45,6.647024,5,0.9692,21,etf_wide
volume,47,4.665041,10,0.9701,21,etf_wide
volume,48,2.167560,10,0.9701,21,etf_wide
volume,49,25.734223,3,0.9703,21,etf_wide
volume,50,22.284010,5,0.9696,21,etf_wide
volume,51,3.606264,10,0.9693,21,etf_wide
volume,52,2.324855,10,0.9697,21,etf_wide
volume,53,9.353660,5,0.9693,21,etf_wide
volume,54,0.966726,3,0.9703,21,etf_wide
volume,55,4.415666,10,0.9705,21,etf_wide
volume,56,19.032752,3,0.9700,21,etf_wide
volume,57,7.510768,10,0.9697,21,etf_wide
volume,59,20.444804,3,0.9699,21,etf_wide
volume,58,-1.687589,10,0.9704,21,etf_wide
volume,60,39.306036,3,0.9699,21,etf_wide
volume,63,9.607349,10,0.9697,21,etf_wide
volume,61,17.646010,10,0.9691,21,etf_wide
volume,62,10.277395,10,0.9700,21,etf_wide
volume,64,5.759385,10,0.9686,21,etf_wide
volume,65,8.175061,10,0.9693,21,etf_wide
volume,66,9.531160,10,0.9697,21,etf_wide
volume,67,22.896449,3,0.9698,21,etf_wide
volume,68,3.684691,10,0.9695,21,etf_wide
volume,70,4.708676,5,0.9695,21,etf_wide
volume,69,20.256608,5,0.9693,21,etf_wide
volume,71,8.235377,10,0.9702,21,etf_wide
volume,72,30.484354,3,0.9695,21,etf_wide
volume,74,40.922120,3,0.9693,21,etf_wide
volume,75,-4.421635,3,0.9686,21,etf_wide
volume,73,13.861056,3,0.9697,21,etf_wide
volume,76,25.769576,5,0.9692,21,etf_wide
volume,77,0.562658,10,0.9694,21,etf_wide
volume,79,10.085824,5,0.9702,21,etf_wide
volume,78,9.682119,10,0.9698,21,etf_wide
volume,80,2.230130,10,0.9696,21,etf_wide
volume,81,-1.277481,10,0.9692,21,etf_wide
volume,82,19.846500,5,0.9698,21,etf_wide
volume,83,21.884829,10,0.9695,21,etf_wide
volume,84,-13.702074,5,0.9696,21,etf_wide
volume,85,20.441810,5,0.9697,21,etf_wide
volume,86,8.607060,10,0.9698,21,etf_wide
volume,87,4.947480,5,0.9698,21,etf_wide
volume,88,11.658449,10,0.9699,21,etf_wide
volume,89,21.388858,5,0.9695,21,etf_wide
volume,90,6.594258,10,0.9690,21,etf_wide
volume,92,9.330606,5,0.9699,21,etf_wide
volume,91,2.439784,10,0.9692,21,etf_wide
volume,93,10.421368,5,0.9703,21,etf_wide
volume,94,3.346501,10,0.9696,21,etf_wide
volume,95,13.016196,10,0.9697,21,etf_wide
volume,96,10.536622,10,0.9692,21,etf_wide
volume,97,-8.859347,3,0.9694,21,etf_wide
volume,98,3.231029,5,0.9695,21,etf_wide
volume,99,-18.931707,3,0.9690,21,etf_wide
volume,100,14.120871,3,0.9692,21,etf_wide
